<XLUE>
<resource>
	<!--Acc login window-->
	<bitmap id="launch.acc.btn.normal" path="bitmap\launch_acc_btn_disable.png" />
	<bitmap id="launch.acc.btn.active" path="bitmap\launch_acc_btn_disable.png" />
	<bitmap id="launch.acc.btn.disable" path="bitmap\launch_acc_btn_disable.png" />
	<texture id="acc.bkg" image="bitmap\acc_bkg.png" />
	<texture id="acc.btn.hover" image="bitmap\acc_btn_hover.png" />
	<texture id="acc.btn.normal" image="bitmap\acc_btn_normal.png" />
	<texture id="acc.checkbox.normal" image="bitmap\acc_checkbox_normal.png" />
	<texture id="acc.checkbox.checked" image="bitmap\acc_checkbox_checked.png" />
</resource>
</XLUE>