<XLUE>
<resource>
  <font id="serverbutton.name" height="12" facename="宋体" />
  <font id="serverwnd.serverstate" height="12" facename="宋体" />
    
  <font id="song.12" height="12" facename="宋体" />
  <font id="song.12.underline" height="12" facename="宋体" underline="1"/>
  <font id="song.12.bold" height="12" weight="bold" facename="宋体" />
  <font id="song.12.bold.underline" height="12" weight="bold" facename="宋体" underline="1" />
  
  <font id="song.13" height="13" facename="宋体" />
  
  <font id="song.14" height="14" facename="宋体" />
  <font id="song.14.underline" height="14" facename="宋体" underline="1"/>
  <font id="song.14.bold" height="14" weight="bold" facename="宋体" />
  <font id="song.14.bold.underline" height="14" weight="bold" facename="宋体" underline="1" />
  
  <font id="song.15" height="15" facename="宋体" />
  <font id="song.15.bold" height="15" weight="bold" facename="宋体" />
  
  <font id="msyh.14.bold" height="14" weight="bold" facename="微软雅黑" />
</resource>
</XLUE>