<XLUE>
<resource>
	<!-- personal info window -->
	<texture id="personalinfo.wnd.bkg" image="personalinfo\win_bkg.png" />
	<texture id="button.skip.personalinfo.normal" image="personalinfo\button_skip_normal.png" />
	<texture id="button.skip.personalinfo.hover" image="personalinfo\button_skip_active.png" />
	<texture id="personalinfo.wnd.checkbox.normal" image="personalinfo\checkbox_normal.png"/>
	<texture id="personalinfo.wnd.checkbox.checked" image="personalinfo\checkbox_active.png"/>
	<texture id="messagewnd.button.ok.normal" image="personalinfo\messagewnd.button.ok.normal.png" />
	<texture id="messagewnd.button.ok.hover" image="personalinfo\messagewnd.button.ok.active.png" />
	<texture id="button.personalinfo.normal" image="personalinfo\button_personalinfo_normal.png" />
	<texture id="button.personalinfo.hover" image="personalinfo\button_personalinfo_active.png" />
	
	<texture id="security.phone.normal" image="personalinfo\security_phone_normal.png"/>
	<texture id="security.phone.hover" image="personalinfo\security_phone_hover.png"/>	
	<texture id="security.mail.normal" image="personalinfo\security_mail_normal.png"/>
	<texture id="security.mail.hover" image="personalinfo\security_mail_hover.png"/>
	<texture id="send.active.mail.normal" image="personalinfo\send_active_mail_normal.png"/>
	<texture id="send.active.mail.hover" image="personalinfo\send_active_mail_hover.png"/>
	<texture id="mail.button.close.normal" image="personalinfo\messagewnd.button.close.normal.png"/>
	<texture id="mail.button.close.hover" image="personalinfo\messagewnd.button.close.hover.png"/>
	
	<texture id="anti.lost.normal" image="personalinfo\anti_lost_normal.png"/>	 
	<texture id="anti.lost.hover" image="personalinfo\anti_lost_hover.png"/>	
	<texture id="is.finish.info" image="personalinfo\is_finish_info.png"/>
	<texture id="no.finish.info" image="personalinfo\no_finish_info.png"/>
	<texture id="no.vip.person" image="personalinfo\no_vip_person.png"/>
	<texture id="is.vip.person" image="personalinfo\is_vip_person.png"/>
	<texture id="info.edit.bkg1" image="personalinfo\info_edit_bkg1.png"/>
	<texture id="info.edit.bkg2" image="personalinfo\info_edit_bkg2.png"/>
	
	<texture id="send.verify.code.normal" image="personalinfo\send_verify_code_normal.png"/>
	<texture id="send.verify.code.hover" image="personalinfo\send_verify_code_hover.png"/>
	<texture id="send.verify.code.red.normal" image="personalinfo\send_verify_code_red_normal.png"/>
	<texture id="send.verify.code.red.hover" image="personalinfo\send_verify_code_red_hover.png"/>
	
	<texture id="check.mail.normal" image="personalinfo\check_mail_normal.png"/>
	<texture id="check.mail.hover" image="personalinfo\check_mail_hover.png"/>
</resource>
</XLUE>