<XLUE>
<resource>
	<!-- game config window-->
	<texture id="gameconfig.wnd.bkg" image="gameconfig\win_bkg.png" />
	<texture id="button.saveconfig.normal" image="gameconfig\button_saveconfig_normal.png" />
	<texture id="button.saveconfig.hover" image="gameconfig\button_saveconfig_active.png" />
	<texture id="button.closeconfig.normal" image="gameconfig\button_closeconfig_normal.png" />
	<texture id="button.closeconfig.hover" image="gameconfig\button_closeconfig_active.png" />
	<texture id="gameconfig.wnd.checkbox.normal" image="gameconfig\checkbox_normal.png"/>
	<texture id="gameconfig.wnd.checkbox.checked" image="gameconfig\checkbox_active.png"/>
	<texture id="gameconfig.wnd.radio.normal" image="gameconfig\radio_normal.png"/>
	<texture id="gameconfig.wnd.radio.checked" image="gameconfig\radio_checked.png"/>
	<texture id="gameconfig.wnd.listitem.normal" image="gameconfig\listitem_normal.png" />
	<texture id="gameconfig.wnd.listitem.hover" image="gameconfig\listitem_hover.png" />
	<texture id="gameconfig.wnd.listbutton.normal" image="gameconfig\list_button_normal.png" />
	<texture id="gameconfig.wnd.listbutton.hover" image="gameconfig\list_button_hover.png" />
	<texture id="bitmap.upperbtn.normal" image="gameconfig\vscroll_btn_up_normal.png" />
	<texture id="bitmap.upperbtn.hover" image="gameconfig\vscroll_btn_up_hover.png"/>
	<texture id="bitmap.upperbtn.down" image="gameconfig\vscroll_btn_up_normal.png" />
	<texture id="bitmap.lowerbtn.normal" image="gameconfig\vscroll_btn_down_normal.png"/>
	<texture id="bitmap.lowerbtn.hover" image="gameconfig\vscroll_btn_down_hover.png"/>
	<texture id="bitmap.lowerbtn.down" image="gameconfig\vscroll_btn_down_hover.png"/>
	<texture id="texture.barbkg.normal" type="Fill" image="gameconfig\scrollbar.vsb.big.bkg.png"/>
	<texture id="texture.barbkg.hover" type="Fill" image="gameconfig\scrollbar.vsb.big.bkg.hover.png"/>
</resource>
</XLUE>